Question,Answer,Answer(text)
"너는 하우스 농사를 도와주는 에이전트야. 넌 주어진 농업 지침을 참고하고, 제공된 환경 데이터를 바탕으로, 주어진 function들 중 어떤 function들을 호출해야 하는지 json 형식으로 답변해야만 해. \n # 봄에 무를 하우스에서 잘 키우는 법 \n 무의 발아 적정온도는 20~23℃이며, 생육 초기 온도가 13℃ 이하로 내려가지 않도록 해야한다. \n 발아 후에는 묘가 웃자라는 것을 방지하기 위해 낮에는 환기를 실시하여 20~23℃로 유지하고, 특히 28℃를 넘지 않도록 주의한다. 밤에는 10℃ 이하로 내려가지 않도록 해야한다. \n 하우스 내부는 온도가 높으므로 상대습도가 낮아지기 쉬운데, 5~7일 간격으로 관수하여 적정 습도를 유지해야 한다. \n 하우스는 비닐이 이중 구조로 되어있고, 좌측상단, 좌측하단, 우측상단, 우측하단이 있음. 창을 열때는 안쪽부터 열고, 닫을땐 밖부터 닫는다. 상단 창문을 열기 전에 측면의 창문을 먼저 완전히 열고 상단 창문을 연다. \n , 환경 데이터 : \n 현재 시간 : 2025년 3월 6일 13:25:00, 양육품목명 : 무, 심은 날짜 : 2025년 3월 1일, 현재 하우스 내부 온도 : 28.3℃, 하우스 내부 습도 : 40.8%, 하우스 외부 온도 : 10.17℃, 하우스 외부 습도 : 35.48%, 비 오는지 여부 : False, 풍향 : 25도, 풍속 : 1.32m/s, 일사량 : 2.79 Mj/m2, 최근 관수 시간 : 2025년 3월 4일 10:30:00, 바깥쪽 좌측상단창문 개폐정도 : 0, 바깥쪽 좌측하단창문 개폐정도 : 0, 바깥쪽 우측상단창문 개폐정도 : 0, 바깥쪽 우측하단창문 개폐정도 : 0, 안쪽 좌측상단창문 개폐정도 : 0, 안쪽 좌측하단창문 개폐정도 : 0, 안쪽 우측상단창문 개폐정도 : 0, 안쪽 우측하단창문 개폐정도 : 0 \n\n 사용가능한 함수 : move_window(persent,window_type) \n description : 창문을 주어진 퍼센트(%)만큼 엽니다. window_type은 바깥쪽 좌측상단창문, 바깥쪽 좌측하단창문, 바깥쪽 우측상단창문, 바깥쪽 우측하단창문, 안쪽 좌측상단창문, 안쪽 좌측하단창문, 안쪽 우측상단창문, 안쪽 우측하단창문 중 하나임 \n supply_water() \n description : 식물에게 물을 공급합니다.","[
  {
    ""function_name"": ""move_window"",
    ""parameters"": {
      ""persent"": 100,
      ""window_type"": ""안쪽 좌측하단창문""
    }
  },
  {
    ""function_name"": ""move_window"",
    ""parameters"": {
      ""persent"": 100,
      ""window_type"": ""안쪽 우측하단창문""
    }
  },
  {
    ""function_name"": ""move_window"",
    ""parameters"": {
      ""persent"": 50,
      ""window_type"": ""안쪽 좌측상단창문""
    }
  },
  {
    ""function_name"": ""move_window"",
    ""parameters"": {
      ""persent"": 50,
      ""window_type"": ""안쪽 우측상단창문""
    }
  }
]






","현재 하우스 내부 온도가 **28.3℃**로, 무 생육 권장 최고 온도인 **28℃**를 초과했습니다.

온도를 낮추기 위해 환기를 시작하려고 합니다. 지침에 따라 먼저 **'안쪽 좌측하단창문'**과 **'안쪽 우측하단창문'**을 완전히(100%) 연 뒤, 이어서 **'안쪽 좌측상단창문'**과 **'안쪽 우측상단창문'**을 절반(50%) 열겠습니다.

확인 버튼을 누르시면 하우스 제어를 시작하겠습니다."
"너는 하우스 농사를 도와주는 에이전트야. 넌 주어진 농업 지침을 참고하고, 제공된 환경 데이터를 바탕으로, 주어진 function들 중 어떤 function들을 호출해야 하는지 json 형식으로 답변해야만 해. \n # 봄에 무를 하우스에서 잘 키우는 법 \n 무의 발아 적정온도는 20~23℃이며, 생육 초기 온도가 13℃ 이하로 내려가지 않도록 해야한다. \n 발아 후에는 묘가 웃자라는 것을 방지하기 위해 낮에는 환기를 실시하여 20~23℃로 유지하고, 특히 28℃를 넘지 않도록 주의한다. 밤에는 10℃ 이하로 내려가지 않도록 해야한다. \n 하우스 내부는 온도가 높으므로 상대습도가 낮아지기 쉬운데, 5~7일 간격으로 관수하여 적정 습도를 유지해야 한다. \n 하우스는 비닐이 이중 구조로 되어있고, 좌측상단, 좌측하단, 우측상단, 우측하단이 있음. 창을 열때는 안쪽부터 열고, 닫을땐 밖부터 닫는다. 상단 창문을 열기 전에 측면의 창문을 먼저 완전히 열고 상단 창문을 연다. \n , 환경 데이터 : \n 현재 시간 : 2025년 3월 6일 13:25:00, 양육품목명 : 무, 심은 날짜 : 2025년 3월 1일, 현재 하우스 내부 온도 : 10.3℃, 하우스 내부 습도 : 40.8%, 하우스 외부 온도 : 3.17℃, 하우스 외부 습도 : 35.48%, 비 오는지 여부 : False, 풍향 : 50도, 풍속 : 1.32m/s, 일사량 : 0 Mj/m2, 최근 관수 시간 : 2025년 3월 4일 10:30:00, 바깥쪽 좌측상단창문 개폐정도 : 0, 바깥쪽 좌측하단창문 개폐정도 : 0, 바깥쪽 우측상단창문 개폐정도 : 0, 바깥쪽 우측하단창문 개폐정도 : 0, 안쪽 좌측상단창문 개폐정도 : 70, 안쪽 좌측하단창문 개폐정도 : 70, 안쪽 우측상단창문 개폐정도 : 0, 안쪽 우측하단창문 개폐정도 : 0 \n\n 사용가능한 함수 : move_window(persent,window_type) \n description : 창문을 주어진 퍼센트(%)만큼 엽니다. window_type은 바깥쪽 좌측상단창문, 바깥쪽 좌측하단창문, 바깥쪽 우측상단창문, 바깥쪽 우측하단창문, 안쪽 좌측상단창문, 안쪽 좌측하단창문, 안쪽 우측상단창문, 안쪽 우측하단창문 중 하나임 \n supply_water() \n description : 식물에게 물을 공급합니다.","[
  {
    ""function_name"": ""move_window"",
    ""parameters"": {
      ""persent"": 0,
      ""window_type"": ""안쪽 좌측상단창문""
    }
  },
  {
    ""function_name"": ""move_window"",
    ""parameters"": {
      ""persent"": 0,
      ""window_type"": ""안쪽 좌측하단창문""
    }
  }
]





","현재 하우스 내부 온도가 **10.3℃**로, 무 생육 초기에 필요한 최저 온도인 **13℃**보다 낮습니다.

온도 유지를 위해 현재 열려있는 **'안쪽 좌측상단창문'**과 **'안쪽 좌측하단창문'**을 닫으려고 합니다.

확인 버튼을 누르시면 하우스 제어를 시작하겠습니다."